,Date,Open,High,Low,Close,Volume
2017-01-01 00:00:00,2017-01-01 00:00:00,957.57,968.39,940.0,968.29,12869720
2017-01-02 00:00:00,2017-01-02 00:00:00,968.29,1009.87,960.9,1001.15,20292354
2017-01-03 00:00:00,2017-01-03 00:00:00,1001.15,1035.0,996.54,1022.76,37013221
2017-01-04 00:00:00,2017-01-04 00:00:00,1022.76,1040.66,1003.0,1036.9,21522604
2017-01-05 00:00:00,2017-01-05 00:00:00,1036.9,1177.9,1036.49,1152.0,59945268
2017-01-06 00:00:00,2017-01-06 00:00:00,1152.0,1180.45,876.08,1005.33,93256039
2017-01-07 00:00:00,2017-01-07 00:00:00,1005.33,1029.24,841.75,895.85,54631519
2017-01-08 00:00:00,2017-01-08 00:00:00,895.85,912.72,805.03,908.22,34472340
2017-01-09 00:00:00,2017-01-09 00:00:00,908.22,939.33,877.58,909.25,25132654
2017-01-10 00:00:00,2017-01-10 00:00:00,909.25,911.04,860.21,895.46,17125191
2017-01-11 00:00:00,2017-01-11 00:00:00,895.46,916.99,893.38,904.0,10754420
2017-01-12 00:00:00,2017-01-12 00:00:00,904.0,918.9,725.44,764.2,40654731
2017-01-13 00:00:00,2017-01-13 00:00:00,764.2,819.87,724.0,789.37,21958396
2017-01-14 00:00:00,2017-01-14 00:00:00,789.37,831.11,752.91,822.3,16685784
2017-01-15 00:00:00,2017-01-15 00:00:00,822.3,836.1,796.07,808.9,12374030
2017-01-16 00:00:00,2017-01-16 00:00:00,808.9,819.0,800.86,816.54,7907074
2017-01-17 00:00:00,2017-01-17 00:00:00,816.54,834.99,811.56,824.03,9586760
2017-01-18 00:00:00,2017-01-18 00:00:00,824.03,912.63,822.98,903.71,21292139
2017-01-19 00:00:00,2017-01-19 00:00:00,903.71,915.0,830.0,880.0,20864102
2017-01-20 00:00:00,2017-01-20 00:00:00,880.0,905.6,874.16,893.0,13326281
2017-01-21 00:00:00,2017-01-21 00:00:00,893.0,897.46,877.1,890.59,9021036
2017-01-22 00:00:00,2017-01-22 00:00:00,890.59,928.0,888.05,917.4,10845428
2017-01-23 00:00:00,2017-01-23 00:00:00,917.4,935.56,878.55,921.54,17679151
2017-01-24 00:00:00,2017-01-24 00:00:00,921.54,928.0,905.63,910.22,9519013
2017-01-25 00:00:00,2017-01-25 00:00:00,910.22,927.54,878.47,883.18,17176581
2017-01-26 00:00:00,2017-01-26 00:00:00,883.18,903.06,882.5,894.19,8284461
2017-01-27 00:00:00,2017-01-27 00:00:00,894.19,918.04,892.24,913.26,6868194
2017-01-28 00:00:00,2017-01-28 00:00:00,913.26,921.3,904.0,915.7,11963721
2017-01-29 00:00:00,2017-01-29 00:00:00,915.7,921.0,915.19,917.9,2826407
2017-01-30 00:00:00,2017-01-30 00:00:00,917.9,920.02,911.04,912.71,2692282
2017-01-31 00:00:00,2017-01-31 00:00:00,912.71,920.3,910.01,916.26,2969419
2017-02-01 00:00:00,2017-02-01 00:00:00,916.26,973.95,916.36,969.15,14230533
2017-02-02 00:00:00,2017-02-02 00:00:00,969.15,989.0,960.92,985.3,9316705
2017-02-03 00:00:00,2017-02-03 00:00:00,985.3,1014.84,968.89,1008.0,18804912
2017-02-04 00:00:00,2017-02-04 00:00:00,1008.0,1027.01,985.75,1017.73,22318525
2017-02-05 00:00:00,2017-02-05 00:00:00,1017.73,1046.67,1003.0,1035.09,24541017
2017-02-06 00:00:00,2017-02-06 00:00:00,1035.09,1037.38,1005.43,1014.83,20312523
2017-02-07 00:00:00,2017-02-07 00:00:00,1014.83,1033.0,1012.75,1025.0,7211615
2017-02-08 00:00:00,2017-02-08 00:00:00,1025.0,1057.52,1024.72,1054.37,15270248
2017-02-09 00:00:00,2017-02-09 00:00:00,1054.37,1072.78,994.8,1052.62,35838124
2017-02-10 00:00:00,2017-02-10 00:00:00,1052.62,1081.05,927.72,984.02,58932811
2017-02-11 00:00:00,2017-02-11 00:00:00,984.02,1003.0,934.5,988.11,30153996
2017-02-12 00:00:00,2017-02-12 00:00:00,988.11,1010.95,978.01,1003.0,15308914
2017-02-13 00:00:00,2017-02-13 00:00:00,1003.0,1006.53,992.23,995.09,6852679
2017-02-14 00:00:00,2017-02-14 00:00:00,995.09,1002.97,956.13,990.95,15705639
2017-02-15 00:00:00,2017-02-15 00:00:00,990.95,1021.79,975.0,1008.5,16691893
2017-02-16 00:00:00,2017-02-16 00:00:00,1008.5,1012.0,994.01,1006.7,5840460
2017-02-17 00:00:00,2017-02-17 00:00:00,1006.7,1044.48,1006.51,1035.65,16624041
2017-02-18 00:00:00,2017-02-18 00:00:00,1035.65,1057.5,1026.3,1050.1,21722362
2017-02-19 00:00:00,2017-02-19 00:00:00,1050.1,1067.86,1022.05,1056.02,19298680
2017-02-20 00:00:00,2017-02-20 00:00:00,1056.02,1058.16,1037.59,1050.44,12108730
2017-02-21 00:00:00,2017-02-21 00:00:00,1050.44,1094.7,1042.0,1085.07,16509215
2017-02-22 00:00:00,2017-02-22 00:00:00,1085.07,1127.8,1068.21,1123.18,41743050
2017-02-23 00:00:00,2017-02-23 00:00:00,1123.18,1128.9,1100.0,1114.27,31854380
2017-02-24 00:00:00,2017-02-24 00:00:00,1114.27,1193.23,1110.39,1183.55,46622434
2017-02-25 00:00:00,2017-02-25 00:00:00,1183.55,1220.16,1030.0,1172.42,77794209
2017-02-26 00:00:00,2017-02-26 00:00:00,1172.42,1183.33,1125.0,1151.03,27949897
2017-02-27 00:00:00,2017-02-27 00:00:00,1151.03,1185.01,1130.58,1177.0,21172640
2017-02-28 00:00:00,2017-02-28 00:00:00,1177.0,1197.99,1165.95,1194.87,21803886
2017-03-01 00:00:00,2017-03-01 00:00:00,1194.87,1212.66,1152.27,1187.31,31384856
2017-03-02 00:00:00,2017-03-02 00:00:00,1187.31,1234.19,1182.4,1234.19,25069015
2017-03-03 00:00:00,2017-03-03 00:00:00,1234.19,1279.0,1200.0,1257.65,41418642
2017-03-04 00:00:00,2017-03-04 00:00:00,1257.65,1297.0,1256.3,1291.0,39431131
2017-03-05 00:00:00,2017-03-05 00:00:00,1291.0,1292.76,1235.01,1266.54,36040668
2017-03-06 00:00:00,2017-03-06 00:00:00,1266.54,1278.52,1238.01,1277.81,19827628
2017-03-07 00:00:00,2017-03-07 00:00:00,1277.81,1284.9,1263.0,1279.79,20812724
2017-03-08 00:00:00,2017-03-08 00:00:00,1279.79,1281.0,1166.0,1231.99,55319867
2017-03-09 00:00:00,2017-03-09 00:00:00,1231.99,1239.97,1143.44,1151.59,82456629
2017-03-10 00:00:00,2017-03-10 00:00:00,1151.59,1206.0,1135.0,1189.87,47703137
2017-03-11 00:00:00,2017-03-11 00:00:00,1189.87,1337.58,966.0,1119.08,105434261
2017-03-12 00:00:00,2017-03-12 00:00:00,1119.08,1200.47,1107.88,1181.68,33170387
2017-03-13 00:00:00,2017-03-13 00:00:00,1181.68,1236.88,1175.38,1227.04,24150871
2017-03-14 00:00:00,2017-03-14 00:00:00,1227.04,1249.27,1212.76,1243.26,24724492
2017-03-15 00:00:00,2017-03-15 00:00:00,1243.26,1263.35,1225.45,1246.62,17946218
2017-03-16 00:00:00,2017-03-16 00:00:00,1246.62,1264.84,1242.51,1260.28,14362472
2017-03-17 00:00:00,2017-03-17 00:00:00,1260.28,1260.27,1134.54,1174.0,51238296
2017-03-18 00:00:00,2017-03-18 00:00:00,1174.0,1173.51,1065.0,1068.98,89088990
2017-03-19 00:00:00,2017-03-19 00:00:00,1068.98,1099.64,936.0,970.0,120443995
2017-03-20 00:00:00,2017-03-20 00:00:00,970.0,1066.33,969.78,1018.82,42910547
2017-03-21 00:00:00,2017-03-21 00:00:00,1018.82,1053.95,1014.74,1037.99,22937798
2017-03-22 00:00:00,2017-03-22 00:00:00,1037.99,1120.0,1037.99,1111.78,38653846
2017-03-23 00:00:00,2017-03-23 00:00:00,1111.78,1112.82,989.0,1036.31,64913125
2017-03-24 00:00:00,2017-03-24 00:00:00,1036.31,1052.62,1015.43,1031.01,20108266
2017-03-25 00:00:00,2017-03-25 00:00:00,1031.01,1032.94,921.2,936.0,64951798
2017-03-26 00:00:00,2017-03-26 00:00:00,936.0,971.98,889.88,965.08,61314424
2017-03-27 00:00:00,2017-03-27 00:00:00,965.08,1005.07,944.24,964.71,47108801
2017-03-28 00:00:00,2017-03-28 00:00:00,964.71,1042.96,956.76,1038.84,33173819
2017-03-29 00:00:00,2017-03-29 00:00:00,1038.84,1065.98,1017.72,1042.37,29478070
2017-03-30 00:00:00,2017-03-30 00:00:00,1042.37,1061.98,1008.02,1041.31,33905422
2017-03-31 00:00:00,2017-03-31 00:00:00,1041.31,1055.46,1019.8,1034.35,15313239
2017-04-01 00:00:00,2017-04-01 00:00:00,1034.35,1095.8,1034.35,1079.9,30973280
2017-04-02 00:00:00,2017-04-02 00:00:00,1079.9,1104.7,1065.0,1090.7,19277155
2017-04-03 00:00:00,2017-04-03 00:00:00,1090.7,1111.1,1075.9,1098.6,16682232
2017-04-04 00:00:00,2017-04-04 00:00:00,1098.6,1155.4,1098.5,1145.7,31513035
2017-04-05 00:00:00,2017-04-05 00:00:00,1145.7,1160.9,1122.2,1142.9,20987411
2017-04-06 00:00:00,2017-04-06 00:00:00,1142.9,1145.0,1107.0,1135.0,19382938
2017-04-07 00:00:00,2017-04-07 00:00:00,1135.0,1201.6,1134.3,1188.1,28186329
2017-04-08 00:00:00,2017-04-08 00:00:00,1188.1,1204.9,1173.2,1191.9,24879651
2017-04-09 00:00:00,2017-04-09 00:00:00,1191.9,1198.5,1167.4,1183.8,15059259
2017-04-10 00:00:00,2017-04-10 00:00:00,1183.8,1227.1,1176.9,1211.2,18732082
2017-04-11 00:00:00,2017-04-11 00:00:00,1211.2,1224.1,1201.1,1213.6,16058919
2017-04-12 00:00:00,2017-04-12 00:00:00,1213.6,1238.5,1201.6,1224.0,17908181
2017-04-13 00:00:00,2017-04-13 00:00:00,1224.0,1228.3,1213.7,1217.1,12500747
2017-04-14 00:00:00,2017-04-14 00:00:00,1217.1,1225.1,1128.0,1177.9,35638175
2017-04-15 00:00:00,2017-04-15 00:00:00,1177.9,1201.0,1173.7,1187.8,18162898
2017-04-16 00:00:00,2017-04-16 00:00:00,1187.8,1203.8,1125.0,1179.5,12453014
2017-04-17 00:00:00,2017-04-17 00:00:00,1179.5,1198.6,1174.8,1193.0,7305886
2017-04-18 00:00:00,2017-04-18 00:00:00,1193.0,1225.0,1186.7,1197.0,18209458
2017-04-19 00:00:00,2017-04-19 00:00:00,1197.0,1221.1,1197.1,1209.3,11300122
2017-04-20 00:00:00,2017-04-20 00:00:00,1209.3,1216.8,1196.7,1209.6,11647456
2017-04-21 00:00:00,2017-04-21 00:00:00,1209.6,1248.3,1210.0,1239.0,18959907
2017-04-22 00:00:00,2017-04-22 00:00:00,1239.0,1257.5,1237.8,1249.3,14421415
2017-04-23 00:00:00,2017-04-23 00:00:00,1249.3,1255.0,1210.0,1243.0,19863750
2017-04-24 00:00:00,2017-04-24 00:00:00,1243.0,1251.1,1230.6,1246.9,7243533
2017-04-25 00:00:00,2017-04-25 00:00:00,1246.9,1258.5,1238.9,1255.5,6407156
2017-04-26 00:00:00,2017-04-26 00:00:00,1255.5,1290.4,1254.4,1277.9,14007798
2017-04-27 00:00:00,2017-04-27 00:00:00,1277.9,1316.7,1274.7,1296.4,23479688
2017-04-28 00:00:00,2017-04-28 00:00:00,1296.4,1357.0,1291.7,1344.3,23736798
2017-04-29 00:00:00,2017-04-29 00:00:00,1344.3,1362.2,1298.0,1339.7,32294442
2017-04-30 00:00:00,2017-04-30 00:00:00,1339.7,1356.1,1329.8,1347.4,14063378
2017-05-01 00:00:00,2017-05-01 00:00:00,1347.4,1374.6,1330.0,1366.6,17320159
2017-05-02 00:00:00,2017-05-02 00:00:00,1366.6,1449.7,1366.0,1422.3,35495465
2017-05-03 00:00:00,2017-05-03 00:00:00,1422.3,1486.0,1408.3,1460.6,42017488
2017-05-04 00:00:00,2017-05-04 00:00:00,1460.6,1518.3,1446.0,1517.3,40341927
2017-05-05 00:00:00,2017-05-05 00:00:00,1517.3,1658.0,1441.5,1551.0,108750975
2017-05-06 00:00:00,2017-05-06 00:00:00,1551.0,1627.0,1499.0,1529.6,83633976
2017-05-07 00:00:00,2017-05-07 00:00:00,1529.6,1586.5,1522.4,1572.1,32719292
2017-05-08 00:00:00,2017-05-08 00:00:00,1572.1,1604.1,1541.2,1590.0,23027368
2017-05-09 00:00:00,2017-05-09 00:00:00,1590.0,1681.9,1589.9,1680.1,38028842
2017-05-10 00:00:00,2017-05-10 00:00:00,1680.1,1791.2,1636.0,1729.9,83904463
2017-05-11 00:00:00,2017-05-11 00:00:00,1729.9,1797.0,1691.3,1783.2,41525066
2017-05-12 00:00:00,2017-05-12 00:00:00,1783.2,1890.0,1752.0,1835.7,72706918
2017-05-13 00:00:00,2017-05-13 00:00:00,1835.7,1841.1,1650.0,1692.3,99652672
2017-05-14 00:00:00,2017-05-14 00:00:00,1692.3,1787.8,1598.4,1787.0,81130427
2017-05-15 00:00:00,2017-05-15 00:00:00,1787.0,1824.0,1756.9,1804.2,44035178
2017-05-16 00:00:00,2017-05-16 00:00:00,1804.2,1804.1,1685.8,1740.8,58208348
2017-05-17 00:00:00,2017-05-17 00:00:00,1740.8,1768.0,1676.6,1746.0,32788786
2017-05-18 00:00:00,2017-05-18 00:00:00,1746.0,1848.1,1719.2,1813.4,46266930
2017-05-19 00:00:00,2017-05-19 00:00:00,1813.4,1905.7,1808.4,1894.1,35239579
2017-05-20 00:00:00,2017-05-20 00:00:00,1894.1,1972.6,1894.1,1960.0,49097144
2017-05-21 00:00:00,2017-05-21 00:00:00,1960.0,2067.8,1955.0,2053.8,41810081
2017-05-22 00:00:00,2017-05-22 00:00:00,2053.8,2090.0,1970.2,2041.2,64347188
2017-05-23 00:00:00,2017-05-23 00:00:00,2041.2,2270.0,1990.1,2105.0,124747461
2017-05-24 00:00:00,2017-05-24 00:00:00,2105.0,2279.5,2097.2,2268.1,84276631
2017-05-25 00:00:00,2017-05-25 00:00:00,2268.1,2494.6,2268.5,2431.6,113302810
2017-05-26 00:00:00,2017-05-26 00:00:00,2431.6,2811.0,2181.2,2306.3,258820855
2017-05-27 00:00:00,2017-05-27 00:00:00,2306.3,2624.2,2055.0,2273.7,217245534
2017-05-28 00:00:00,2017-05-28 00:00:00,2273.7,2349.5,1900.0,2089.9,171666529
2017-05-29 00:00:00,2017-05-29 00:00:00,2089.9,2326.0,2088.2,2210.9,106883281
2017-05-30 00:00:00,2017-05-30 00:00:00,2210.9,2373.5,2128.3,2309.6,74745158
2017-05-31 00:00:00,2017-05-31 00:00:00,2309.6,2360.0,2122.4,2191.4,67301051
2017-06-01 00:00:00,2017-06-01 00:00:00,2191.4,2340.0,2155.0,2304.1,53059287
2017-06-02 00:00:00,2017-06-02 00:00:00,2304.1,2465.7,2302.0,2416.8,57279425
2017-06-03 00:00:00,2017-06-03 00:00:00,2416.8,2501.2,2376.0,2497.9,41297438
2017-06-04 00:00:00,2017-06-04 00:00:00,2497.9,2582.5,2450.0,2543.4,54746338
2017-06-05 00:00:00,2017-06-05 00:00:00,2543.4,2569.4,2464.2,2529.3,43808075
2017-06-06 00:00:00,2017-06-06 00:00:00,2529.3,2723.4,2523.3,2715.4,52810719
2017-06-07 00:00:00,2017-06-07 00:00:00,2715.4,2955.0,2703.2,2897.9,147030693
2017-06-08 00:00:00,2017-06-08 00:00:00,2897.9,2914.1,2610.0,2667.6,103352659
2017-06-09 00:00:00,2017-06-09 00:00:00,2667.6,2827.2,2589.0,2817.7,68819033
2017-06-10 00:00:00,2017-06-10 00:00:00,2817.7,2866.8,2788.3,2817.2,46577238
2017-06-11 00:00:00,2017-06-11 00:00:00,2817.2,2930.5,2803.0,2922.0,52286178
2017-06-12 00:00:00,2017-06-12 00:00:00,2922.0,3017.0,2879.9,2994.8,48306924
2017-06-13 00:00:00,2017-06-13 00:00:00,2994.8,3006.9,2470.0,2656.5,187239903
2017-06-14 00:00:00,2017-06-14 00:00:00,2656.5,2790.3,2635.1,2702.6,63913652
2017-06-15 00:00:00,2017-06-15 00:00:00,2702.6,2798.9,2320.0,2432.9,139982991
2017-06-16 00:00:00,2017-06-16 00:00:00,2432.9,2501.3,2095.5,2410.7,179250376
2017-06-17 00:00:00,2017-06-17 00:00:00,2410.7,2518.6,2290.0,2471.0,83294972
2017-06-18 00:00:00,2017-06-18 00:00:00,2471.0,2678.1,2406.8,2626.3,67003395
2017-06-19 00:00:00,2017-06-19 00:00:00,2626.3,2677.1,2457.0,2525.0,76508816
2017-06-20 00:00:00,2017-06-20 00:00:00,2525.0,2600.8,2485.2,2598.8,42089739
2017-06-21 00:00:00,2017-06-21 00:00:00,2598.8,2802.5,2580.0,2736.8,62478121
2017-06-22 00:00:00,2017-06-22 00:00:00,2736.8,2788.9,2595.0,2652.7,85189260
2017-06-23 00:00:00,2017-06-23 00:00:00,2652.7,2730.0,2589.0,2699.9,38506589
2017-06-24 00:00:00,2017-06-24 00:00:00,2699.9,2744.1,2649.1,2678.9,30749419
2017-06-25 00:00:00,2017-06-25 00:00:00,2678.9,2717.9,2502.0,2559.5,66355372
2017-06-26 00:00:00,2017-06-26 00:00:00,2559.5,2635.2,2424.8,2507.9,68277139
2017-06-27 00:00:00,2017-06-27 00:00:00,2507.9,2549.0,2300.7,2420.1,111425810
2017-06-28 00:00:00,2017-06-28 00:00:00,2420.1,2549.0,2257.7,2541.6,104465173
2017-06-29 00:00:00,2017-06-29 00:00:00,2541.6,2594.5,2450.0,2558.3,58060738
2017-06-30 00:00:00,2017-06-30 00:00:00,2558.3,2600.2,2505.7,2532.7,45231684
2017-07-01 00:00:00,2017-07-01 00:00:00,2532.7,2556.4,2443.5,2453.4,38809769
2017-07-02 00:00:00,2017-07-02 00:00:00,2453.4,2497.4,2390.0,2422.7,47392832
2017-07-03 00:00:00,2017-07-03 00:00:00,2422.7,2533.9,2371.3,2510.2,41945870
2017-07-04 00:00:00,2017-07-04 00:00:00,2510.2,2599.7,2478.4,2540.5,43143932
2017-07-05 00:00:00,2017-07-05 00:00:00,2540.5,2638.9,2540.1,2602.2,40891823
2017-07-06 00:00:00,2017-07-06 00:00:00,2602.2,2626.3,2532.3,2603.2,31768789
2017-07-07 00:00:00,2017-07-07 00:00:00,2603.2,2618.7,2563.0,2603.8,21108431
2017-07-08 00:00:00,2017-07-08 00:00:00,2603.8,2608.0,2473.0,2505.1,47647945
2017-07-09 00:00:00,2017-07-09 00:00:00,2505.1,2558.0,2467.4,2554.4,36015348
2017-07-10 00:00:00,2017-07-10 00:00:00,2554.4,2565.7,2498.3,2506.5,26976481
2017-07-11 00:00:00,2017-07-11 00:00:00,2506.5,2521.9,2271.0,2335.2,94816230
2017-07-12 00:00:00,2017-07-12 00:00:00,2335.2,2397.8,2241.9,2304.8,81063826
2017-07-13 00:00:00,2017-07-13 00:00:00,2304.8,2408.4,2231.8,2386.8,79874625
2017-07-14 00:00:00,2017-07-14 00:00:00,2386.8,2421.0,2310.6,2338.1,42566065
2017-07-15 00:00:00,2017-07-15 00:00:00,2338.1,2354.8,2135.5,2208.4,85136385
2017-07-16 00:00:00,2017-07-16 00:00:00,2208.4,2221.5,1970.5,1974.0,136364277
2017-07-17 00:00:00,2017-07-17 00:00:00,1974.0,2047.2,1810.0,1924.5,155681818
2017-07-18 00:00:00,2017-07-18 00:00:00,1924.5,2226.4,1910.0,2223.5,121549945
2017-07-19 00:00:00,2017-07-19 00:00:00,2223.5,2387.0,2150.0,2303.0,156111878
2017-07-20 00:00:00,2017-07-20 00:00:00,2303.0,2398.9,2220.0,2262.1,121950935
2017-07-21 00:00:00,2017-07-21 00:00:00,2262.1,2959.2,2261.0,2883.1,272443483
2017-07-22 00:00:00,2017-07-22 00:00:00,2883.1,2888.0,2610.0,2666.0,200071318
2017-07-23 00:00:00,2017-07-23 00:00:00,2666.0,2906.0,2644.2,2833.2,157951704
2017-07-24 00:00:00,2017-07-24 00:00:00,2833.2,2866.3,2650.0,2752.8,140948241
2017-07-25 00:00:00,2017-07-25 00:00:00,2752.8,2817.0,2704.3,2764.4,91497864
2017-07-26 00:00:00,2017-07-26 00:00:00,2764.4,2788.4,2438.4,2559.6,229714016
2017-07-27 00:00:00,2017-07-27 00:00:00,2559.6,2609.9,2391.2,2530.2,156631568
2017-07-28 00:00:00,2017-07-28 00:00:00,2530.2,2685.1,2512.6,2662.3,104885818
2017-07-29 00:00:00,2017-07-29 00:00:00,2662.3,2828.0,2654.5,2782.0,142053965
2017-07-30 00:00:00,2017-07-30 00:00:00,2782.0,2784.7,2654.9,2692.5,111150377
2017-07-31 00:00:00,2017-07-31 00:00:00,2692.5,2747.0,2556.2,2730.4,86265869
2017-08-01 00:00:00,2017-08-01 00:00:00,2730.4,2891.0,2684.7,2851.1,101346941
2017-08-02 00:00:00,2017-08-02 00:00:00,2851.1,2913.1,2601.2,2730.1,173819218
2017-08-03 00:00:00,2017-08-03 00:00:00,2730.1,2766.6,2633.7,2706.9,81464944
2017-08-04 00:00:00,2017-08-04 00:00:00,2706.9,2805.8,2699.3,2787.7,51230643
2017-08-05 00:00:00,2017-08-05 00:00:00,2787.7,2875.1,2760.6,2854.9,73184795
2017-08-06 00:00:00,2017-08-06 00:00:00,2854.9,3341.6,2848.2,3257.8,249140638
2017-08-07 00:00:00,2017-08-07 00:00:00,3257.8,3305.0,3142.8,3221.8,134273847
2017-08-08 00:00:00,2017-08-08 00:00:00,3221.8,3442.0,3180.7,3395.0,135545546
2017-08-09 00:00:00,2017-08-09 00:00:00,3395.0,3486.7,3328.0,3422.1,180632515
2017-08-10 00:00:00,2017-08-10 00:00:00,3422.1,3430.2,3220.0,3341.2,159826371
2017-08-11 00:00:00,2017-08-11 00:00:00,3341.2,3443.9,3307.5,3412.2,89052947
2017-08-12 00:00:00,2017-08-12 00:00:00,3412.2,3718.6,3393.4,3651.8,145203168
2017-08-13 00:00:00,2017-08-13 00:00:00,3651.8,3987.6,3603.7,3874.4,264461491
2017-08-14 00:00:00,2017-08-14 00:00:00,3874.4,4215.1,3842.0,4077.9,375155723
2017-08-15 00:00:00,2017-08-15 00:00:00,4077.9,4353.0,3960.3,4328.5,269279921
2017-08-16 00:00:00,2017-08-16 00:00:00,4328.5,4440.0,3834.6,4158.1,430371309
2017-08-17 00:00:00,2017-08-17 00:00:00,4158.1,4415.0,3917.0,4402.3,274394106
2017-08-18 00:00:00,2017-08-18 00:00:00,4402.3,4498.0,4170.0,4278.3,316217204
2017-08-19 00:00:00,2017-08-19 00:00:00,4278.3,4368.3,3941.9,4101.1,254893872
2017-08-20 00:00:00,2017-08-20 00:00:00,4101.1,4183.0,3933.0,4131.1,195584503
2017-08-21 00:00:00,2017-08-21 00:00:00,4131.1,4164.0,4014.5,4049.4,134919363
2017-08-22 00:00:00,2017-08-22 00:00:00,4049.4,4087.4,3951.0,3998.1,120132287
2017-08-23 00:00:00,2017-08-23 00:00:00,3998.1,4187.3,3550.0,4101.6,278792647
2017-08-24 00:00:00,2017-08-24 00:00:00,4101.6,4259.9,4050.0,4138.0,157594985
2017-08-25 00:00:00,2017-08-25 00:00:00,4138.0,4368.0,4085.8,4318.6,119190593
2017-08-26 00:00:00,2017-08-26 00:00:00,4318.6,4472.6,4256.0,4357.4,147356392
2017-08-27 00:00:00,2017-08-27 00:00:00,4357.4,4371.3,4234.1,4334.9,96825214
2017-08-28 00:00:00,2017-08-28 00:00:00,4334.9,4414.0,4300.4,4341.9,71225308
2017-08-29 00:00:00,2017-08-29 00:00:00,4341.9,4413.3,4169.0,4390.8,123025429
2017-08-30 00:00:00,2017-08-30 00:00:00,4390.8,4709.9,4333.5,4591.8,175035270
2017-08-31 00:00:00,2017-08-31 00:00:00,4591.8,4666.5,4473.8,4569.2,116996988
2017-09-01 00:00:00,2017-09-01 00:00:00,4569.2,4769.0,4569.1,4723.9,140130707
2017-09-02 00:00:00,2017-09-02 00:00:00,4723.9,4944.5,4678.0,4944.5,183655347
2017-09-03 00:00:00,2017-09-03 00:00:00,4944.5,5013.3,4487.3,4633.1,407688486
2017-09-04 00:00:00,2017-09-04 00:00:00,4633.1,4742.2,4412.1,4624.2,223677242
2017-09-05 00:00:00,2017-09-05 00:00:00,4624.2,4630.0,4161.4,4339.9,388478483
2017-09-06 00:00:00,2017-09-06 00:00:00,4339.9,4505.0,4061.3,4427.0,307926743
2017-09-07 00:00:00,2017-09-07 00:00:00,4427.0,4662.9,4410.7,4608.2,184852439
2017-09-08 00:00:00,2017-09-08 00:00:00,4608.2,4678.0,4476.1,4613.9,152792191
2017-09-09 00:00:00,2017-09-09 00:00:00,4613.9,4689.7,4116.0,4317.9,417833219
2017-09-10 00:00:00,2017-09-10 00:00:00,4317.9,4416.1,4185.1,4325.8,207889826
2017-09-11 00:00:00,2017-09-11 00:00:00,4325.8,4344.0,4012.6,4239.5,239857224
2017-09-12 00:00:00,2017-09-12 00:00:00,4239.5,4380.0,4105.4,4207.0,187757199
2017-09-13 00:00:00,2017-09-13 00:00:00,4207.0,4380.0,4055.0,4148.8,223164080
2017-09-14 00:00:00,2017-09-14 00:00:00,4148.8,4152.1,3722.9,3856.6,383908452
2017-09-15 00:00:00,2017-09-15 00:00:00,3856.6,3920.7,3200.1,3222.9,590184470
2017-09-16 00:00:00,2017-09-16 00:00:00,3222.9,3841.1,2939.7,3706.1,792609515
2017-09-17 00:00:00,2017-09-17 00:00:00,3706.1,3900.0,3531.7,3697.0,325600157
2017-09-18 00:00:00,2017-09-18 00:00:00,3697.0,3810.0,3470.8,3687.1,238266454
2017-09-19 00:00:00,2017-09-19 00:00:00,3687.1,4149.0,3687.0,4110.2,328976767
2017-09-20 00:00:00,2017-09-20 00:00:00,4110.2,4130.0,3838.4,3883.8,352115516
2017-09-21 00:00:00,2017-09-21 00:00:00,3883.8,4060.0,3825.0,3867.1,263081252
2017-09-22 00:00:00,2017-09-22 00:00:00,3867.1,3903.5,3571.4,3611.0,370202112
2017-09-23 00:00:00,2017-09-23 00:00:00,3611.0,3765.0,3515.0,3603.5,330019159
2017-09-24 00:00:00,2017-09-24 00:00:00,3603.5,3826.5,3560.0,3778.9,221180063
2017-09-25 00:00:00,2017-09-25 00:00:00,3778.9,3781.9,3595.5,3660.4,187902872
2017-09-26 00:00:00,2017-09-26 00:00:00,3660.4,3980.0,3656.0,3925.5,271819358
2017-09-27 00:00:00,2017-09-27 00:00:00,3925.5,3981.3,3850.0,3874.0,225261474
2017-09-28 00:00:00,2017-09-28 00:00:00,3874.0,4220.0,3866.5,4202.5,308069192
2017-09-29 00:00:00,2017-09-29 00:00:00,4202.5,4276.7,4125.0,4187.9,310866631
2017-09-30 00:00:00,2017-09-30 00:00:00,4187.9,4240.0,4031.1,4164.8,394154232
2017-10-01 00:00:00,2017-10-01 00:00:00,4164.8,4355.7,4155.0,4327.3,281256398
2017-10-02 00:00:00,2017-10-02 00:00:00,4327.3,4384.1,4251.1,4382.8,260400287
2017-10-03 00:00:00,2017-10-03 00:00:00,4382.8,4458.8,4355.5,4388.0,322064731
2017-10-04 00:00:00,2017-10-04 00:00:00,4388.0,4435.0,4224.1,4318.3,349047436
2017-10-05 00:00:00,2017-10-05 00:00:00,4318.3,4339.0,4162.0,4213.3,251445083
2017-10-06 00:00:00,2017-10-06 00:00:00,4213.3,4377.5,4134.8,4311.4,319137500
2017-10-07 00:00:00,2017-10-07 00:00:00,4311.4,4430.0,4291.7,4372.1,252070113
2017-10-08 00:00:00,2017-10-08 00:00:00,4372.1,4484.0,4307.0,4445.3,175049890
2017-10-09 00:00:00,2017-10-09 00:00:00,4445.3,4619.6,4429.5,4591.0,297011953
2017-10-10 00:00:00,2017-10-10 00:00:00,4591.0,4914.5,4546.4,4798.8,576352442
2017-10-11 00:00:00,2017-10-11 00:00:00,4798.8,4943.7,4698.6,4771.7,525518662
2017-10-12 00:00:00,2017-10-12 00:00:00,4771.7,4887.0,4706.0,4822.0,368758715
2017-10-13 00:00:00,2017-10-13 00:00:00,4822.0,5467.5,4800.6,5463.6,883212184
2017-10-14 00:00:00,2017-10-14 00:00:00,5463.6,5980.0,5394.9,5667.3,1336720748
2017-10-15 00:00:00,2017-10-15 00:00:00,5667.3,5890.0,5588.7,5872.1,590927424
2017-10-16 00:00:00,2017-10-16 00:00:00,5872.1,5904.6,5405.0,5711.1,782169799
2017-10-17 00:00:00,2017-10-17 00:00:00,5711.1,5876.2,5531.1,5795.0,512256122
2017-10-18 00:00:00,2017-10-18 00:00:00,5795.0,5819.9,5510.0,5600.0,568041073
2017-10-19 00:00:00,2017-10-19 00:00:00,5600.0,5647.9,5100.0,5590.8,1067907994
2017-10-20 00:00:00,2017-10-20 00:00:00,5590.8,5757.9,5527.0,5700.8,655240545
2017-10-21 00:00:00,2017-10-21 00:00:00,5700.8,6168.9,5602.0,6017.5,912558192
2017-10-22 00:00:00,2017-10-22 00:00:00,6017.5,6220.0,5875.0,6018.7,854248299
2017-10-23 00:00:00,2017-10-23 00:00:00,6018.7,6080.2,5720.0,5986.0,847520369
2017-10-24 00:00:00,2017-10-24 00:00:00,5986.0,6095.2,5638.7,5853.9,1013064819
2017-10-25 00:00:00,2017-10-25 00:00:00,5853.9,5853.9,5454.0,5517.4,950744064
2017-10-26 00:00:00,2017-10-26 00:00:00,5517.4,5758.9,5366.0,5732.0,710909859
2017-10-27 00:00:00,2017-10-27 00:00:00,5732.0,6008.0,5669.6,5888.4,773138211
2017-10-28 00:00:00,2017-10-28 00:00:00,5888.4,6013.0,5678.0,5769.3,632848491
2017-10-29 00:00:00,2017-10-29 00:00:00,5769.3,5878.0,5652.7,5727.1,444659626
2017-10-30 00:00:00,2017-10-30 00:00:00,5727.1,6366.0,5687.5,6159.3,756109936
2017-10-31 00:00:00,2017-10-31 00:00:00,6159.3,6221.8,6010.8,6134.9,579186740
2017-11-01 00:00:00,2017-11-01 00:00:00,6134.9,6489.0,6088.4,6440.1,757390412
2017-11-02 00:00:00,2017-11-02 00:00:00,6440.1,6750.0,6360.0,6749.5,1002702139
2017-11-03 00:00:00,2017-11-03 00:00:00,6749.5,7437.7,6700.3,7025.8,1947637864
2017-11-04 00:00:00,2017-11-04 00:00:00,7025.8,7495.0,6920.0,7146.5,1321777619
2017-11-05 00:00:00,2017-11-05 00:00:00,7146.5,7596.1,6983.6,7393.9,1077283262
2017-11-06 00:00:00,2017-11-06 00:00:00,7393.9,7621.7,7280.5,7378.3,1029792323
2017-11-07 00:00:00,2017-11-07 00:00:00,7378.3,7436.0,6900.0,6960.0,1477643661
2017-11-08 00:00:00,2017-11-08 00:00:00,6960.0,7215.5,6957.0,7121.3,1060689403
2017-11-09 00:00:00,2017-11-09 00:00:00,7121.3,7950.0,7013.0,7465.0,1939100851
2017-11-10 00:00:00,2017-11-10 00:00:00,7465.0,7490.2,7030.0,7150.5,1021866714
2017-11-11 00:00:00,2017-11-11 00:00:00,7150.5,7362.5,6431.0,6564.0,1784422368
2017-11-12 00:00:00,2017-11-12 00:00:00,6564.0,6818.0,6220.5,6345.5,1335894178
2017-11-13 00:00:00,2017-11-13 00:00:00,6345.5,6480.0,5464.0,5846.5,2217483525
2017-11-14 00:00:00,2017-11-14 00:00:00,5846.5,6720.0,5800.5,6558.0,1439111574
2017-11-15 00:00:00,2017-11-15 00:00:00,6558.0,6777.0,6410.0,6632.5,783289296
2017-11-16 00:00:00,2017-11-16 00:00:00,6632.5,7367.0,6624.5,7310.5,1271137892
2017-11-17 00:00:00,2017-11-17 00:00:00,7310.5,8061.0,7131.0,7867.0,1352874206
2017-11-18 00:00:00,2017-11-18 00:00:00,7867.0,8059.0,7550.0,7674.0,1575977218
2017-11-19 00:00:00,2017-11-19 00:00:00,7674.0,7893.5,7425.0,7805.5,857056815
2017-11-20 00:00:00,2017-11-20 00:00:00,7805.5,8152.5,7680.0,8062.0,800402418
2017-11-21 00:00:00,2017-11-21 00:00:00,8062.0,8305.0,7929.5,8243.0,863222728
2017-11-22 00:00:00,2017-11-22 00:00:00,8243.0,8393.5,7407.5,8098.5,1670787515
2017-11-23 00:00:00,2017-11-23 00:00:00,8098.5,8319.0,8050.5,8219.0,853748162
2017-11-24 00:00:00,2017-11-24 00:00:00,8219.0,8275.5,7975.5,7988.5,682535318
2017-11-25 00:00:00,2017-11-25 00:00:00,7988.5,8386.5,7832.0,8207.5,976560999
2017-11-26 00:00:00,2017-11-26 00:00:00,8207.5,8787.0,8140.0,8760.0,900440645
2017-11-27 00:00:00,2017-11-27 00:00:00,8760.0,9586.0,8734.5,9339.0,1807968585
2017-11-28 00:00:00,2017-11-28 00:00:00,9339.0,9796.0,9339.0,9751.5,1572797374
2017-11-29 00:00:00,2017-11-29 00:00:00,9751.5,9992.5,9607.5,9938.0,1236953894
2017-11-30 00:00:00,2017-11-30 00:00:00,9938.0,11489.0,8830.0,9869.5,3490469446
2017-12-01 00:00:00,2017-12-01 00:00:00,9869.5,10750.5,8938.5,9960.0,2291590521
2017-12-02 00:00:00,2017-12-02 00:00:00,9960.0,10988.0,9347.5,10879.5,1948017516
2017-12-03 00:00:00,2017-12-03 00:00:00,10879.5,11262.5,10676.5,10910.5,1389465247
2017-12-04 00:00:00,2017-12-04 00:00:00,10910.5,11896.0,10402.0,11210.0,1662517142
2017-12-05 00:00:00,2017-12-05 00:00:00,11210.0,11685.5,10856.0,11682.0,1539285527
2017-12-06 00:00:00,2017-12-06 00:00:00,11682.0,11961.0,11451.0,11726.0,1165153246
2017-12-07 00:00:00,2017-12-07 00:00:00,11726.0,13890.5,11724.0,13682.0,2181553335
2017-12-08 00:00:00,2017-12-08 00:00:00,13682.0,17750.0,13323.5,17427.0,3745748309
2017-12-09 00:00:00,2017-12-09 00:00:00,17427.0,17719.5,13889.5,16272.0,2976200225
2017-12-10 00:00:00,2017-12-10 00:00:00,16272.0,16600.0,13225.0,14984.5,1858006738
2017-12-11 00:00:00,2017-12-11 00:00:00,14984.5,16149.0,13218.0,15143.0,2334949262
2017-12-12 00:00:00,2017-12-12 00:00:00,15143.0,17742.5,15102.0,17009.0,1661016866
2017-12-13 00:00:00,2017-12-13 00:00:00,17009.0,18067.0,16200.0,17236.0,1618633765
2017-12-14 00:00:00,2017-12-14 00:00:00,17236.0,17561.0,15855.0,16436.5,1740697543
2017-12-15 00:00:00,2017-12-15 00:00:00,16436.5,17145.0,16103.0,16651.0,1046084323
2017-12-16 00:00:00,2017-12-16 00:00:00,16651.0,18296.5,16615.5,17700.0,1508093617
2017-12-17 00:00:00,2017-12-17 00:00:00,17700.0,19840.0,17476.5,19547.5,1425811474
2017-12-18 00:00:00,2017-12-18 00:00:00,19547.5,20093.0,18737.5,19287.5,1816963445
2017-12-19 00:00:00,2017-12-19 00:00:00,19287.5,19384.0,18032.5,19127.0,1806717297
2017-12-20 00:00:00,2017-12-20 00:00:00,19127.0,19346.0,16804.5,17663.0,1864278438
2017-12-21 00:00:00,2017-12-21 00:00:00,17663.0,17943.5,15080.0,16463.0,2464171914
2017-12-22 00:00:00,2017-12-22 00:00:00,16463.0,17468.5,15050.0,15775.0,1653592333
2017-12-23 00:00:00,2017-12-23 00:00:00,15775.0,15905.0,10900.0,13763.5,3487515797
2017-12-24 00:00:00,2017-12-24 00:00:00,13763.5,15928.0,13462.0,14719.5,1477899382
2017-12-25 00:00:00,2017-12-25 00:00:00,14719.5,14788.5,12521.5,14227.5,1662515600
2017-12-26 00:00:00,2017-12-26 00:00:00,14227.5,14710.5,13232.0,13989.5,996248193
2017-12-27 00:00:00,2017-12-27 00:00:00,13989.5,16384.5,13900.0,15833.5,1375059652
2017-12-28 00:00:00,2017-12-28 00:00:00,15833.5,16700.0,14497.5,15380.5,1281235547
2017-12-29 00:00:00,2017-12-29 00:00:00,15380.5,15535.5,13450.5,14480.0,1326750967
2017-12-30 00:00:00,2017-12-30 00:00:00,14480.0,15175.0,13905.0,14539.5,876425910
2017-12-31 00:00:00,2017-12-31 00:00:00,14539.5,14601.5,11973.0,12673.5,1516089382
2018-01-01 00:00:00,2018-01-01 00:00:00,12673.5,14350.0,12468.5,13873.0,814405650
2018-01-02 00:00:00,2018-01-02 00:00:00,13873.0,14011.5,12772.0,13477.0,638958746
2018-01-03 00:00:00,2018-01-03 00:00:00,13477.0,15269.0,12900.0,14786.5,904159652
2018-01-04 00:00:00,2018-01-04 00:00:00,14786.5,15524.0,14555.0,15157.0,812686550
2018-01-05 00:00:00,2018-01-05 00:00:00,15157.0,15500.0,14150.0,15186.0,814142088
2018-01-06 00:00:00,2018-01-06 00:00:00,15186.0,17088.0,14805.0,16891.0,1010611092
2018-01-07 00:00:00,2018-01-07 00:00:00,16891.0,17422.0,16235.0,17210.0,764303511
2018-01-08 00:00:00,2018-01-08 00:00:00,17210.0,17213.0,15770.5,16224.5,863341710
2018-01-09 00:00:00,2018-01-09 00:00:00,16224.5,16329.0,13800.0,14952.5,1473520709
2018-01-10 00:00:00,2018-01-10 00:00:00,14952.5,15375.0,14183.0,14465.0,999024212
2018-01-11 00:00:00,2018-01-11 00:00:00,14465.0,15012.5,13426.0,14963.5,1154658078
2018-01-12 00:00:00,2018-01-12 00:00:00,14963.5,15033.5,12703.5,13287.5,1514629882
2018-01-13 00:00:00,2018-01-13 00:00:00,13287.5,14197.0,12818.5,13874.5,886264793
2018-01-14 00:00:00,2018-01-14 00:00:00,13874.5,14600.0,13810.0,14209.0,588530993
2018-01-15 00:00:00,2018-01-15 00:00:00,14209.0,14364.0,13049.0,13645.0,806932736
2018-01-16 00:00:00,2018-01-16 00:00:00,13645.0,14374.5,13400.0,13621.0,747398582
2018-01-17 00:00:00,2018-01-17 00:00:00,13621.0,13619.0,10100.0,11330.0,2755983315
2018-01-18 00:00:00,2018-01-18 00:00:00,11330.0,11799.0,9209.0,11210.0,2266854171
2018-01-19 00:00:00,2018-01-19 00:00:00,11210.0,12183.0,10615.5,11252.0,1431204983
2018-01-20 00:00:00,2018-01-20 00:00:00,11252.0,12078.0,10956.5,11546.5,989529029
2018-01-21 00:00:00,2018-01-21 00:00:00,11546.5,13008.0,11490.0,12746.5,930649076
2018-01-22 00:00:00,2018-01-22 00:00:00,12746.5,12757.0,11088.5,11560.0,1143587814
2018-01-23 00:00:00,2018-01-23 00:00:00,11560.0,11855.0,10020.0,10792.5,1486837759
2018-01-24 00:00:00,2018-01-24 00:00:00,10792.5,11437.0,9874.0,10830.0,1449900102
2018-01-25 00:00:00,2018-01-25 00:00:00,10830.0,11499.0,10437.0,11394.5,1131616118
2018-01-26 00:00:00,2018-01-26 00:00:00,11394.5,11750.0,10840.5,11117.0,981325170
2018-01-27 00:00:00,2018-01-27 00:00:00,11117.0,11653.0,10230.0,11110.0,1452834482
2018-01-28 00:00:00,2018-01-28 00:00:00,11110.0,11631.0,10777.5,11398.0,1009595524
2018-01-29 00:00:00,2018-01-29 00:00:00,11398.0,11970.0,11350.0,11631.5,752035913
2018-01-30 00:00:00,2018-01-30 00:00:00,11631.5,11768.0,10865.0,11127.0,922831552
2018-01-31 00:00:00,2018-01-31 00:00:00,11127.0,11217.5,9616.5,9999.0,1551256047
2018-02-01 00:00:00,2018-02-01 00:00:00,9999.0,10332.5,9500.0,10132.0,1160207807
2018-02-02 00:00:00,2018-02-02 00:00:00,10132.0,10199.0,8476.0,9008.0,1778962963
2018-02-03 00:00:00,2018-02-03 00:00:00,9008.0,9054.5,7610.0,8807.5,1969893239
2018-02-04 00:00:00,2018-02-04 00:00:00,8807.5,9499.0,8105.0,9226.5,1176826654
2018-02-05 00:00:00,2018-02-05 00:00:00,9226.5,9395.0,7791.0,8151.0,1436075356
2018-02-06 00:00:00,2018-02-06 00:00:00,8151.0,8344.5,6543.0,6889.5,2088881027
2018-02-07 00:00:00,2018-02-07 00:00:00,6889.5,7930.0,5855.0,7674.5,2383969711
2018-02-08 00:00:00,2018-02-08 00:00:00,7674.5,8590.0,7189.5,7598.5,1968819425
2018-02-09 00:00:00,2018-02-09 00:00:00,7598.5,8655.0,7576.0,8232.5,1711303991
2018-02-10 00:00:00,2018-02-10 00:00:00,8232.5,8750.0,7692.0,8675.5,1462168195
2018-02-11 00:00:00,2018-02-11 00:00:00,8675.5,9084.0,8112.0,8548.5,1536909710
2018-02-12 00:00:00,2018-02-12 00:00:00,8548.5,8548.5,7830.0,8065.0,1528310563
2018-02-13 00:00:00,2018-02-13 00:00:00,8065.0,8999.0,8063.0,8905.5,1606293489
2018-02-14 00:00:00,2018-02-14 00:00:00,8905.5,8944.0,8331.0,8499.5,1530738973
2018-02-15 00:00:00,2018-02-15 00:00:00,8499.5,9515.0,8499.5,9462.5,1672574959
2018-02-16 00:00:00,2018-02-16 00:00:00,9462.5,10191.0,9336.0,10008.0,2116132820
2018-02-17 00:00:00,2018-02-17 00:00:00,10008.0,10304.0,9705.0,10185.5,1750655042
2018-02-18 00:00:00,2018-02-18 00:00:00,10185.5,11160.0,10013.5,11144.0,2178101186
2018-02-19 00:00:00,2018-02-19 00:00:00,11144.0,11292.0,10174.0,10402.0,3006576838
2018-02-20 00:00:00,2018-02-20 00:00:00,10402.0,11277.0,10300.0,11173.0,2443193873
2018-02-21 00:00:00,2018-02-21 00:00:00,11173.0,11771.0,11020.0,11220.0,2733704794
2018-02-22 00:00:00,2018-02-22 00:00:00,11220.0,11250.0,10251.0,10455.0,3211633653
2018-02-23 00:00:00,2018-02-23 00:00:00,10455.0,10905.0,9726.0,9831.5,3217750552
2018-02-24 00:00:00,2018-02-24 00:00:00,9831.5,10369.0,9581.0,10130.5,2811472247
2018-02-25 00:00:00,2018-02-25 00:00:00,10130.5,10523.0,9338.5,9689.0,2780775740
2018-02-26 00:00:00,2018-02-26 00:00:00,9689.0,9880.0,9289.0,9591.0,2299980554
2018-02-27 00:00:00,2018-02-27 00:00:00,9591.0,10450.0,9379.5,10316.5,2500491670
2018-02-28 00:00:00,2018-02-28 00:00:00,10316.5,10879.5,10150.5,10530.0,2639763770
2018-03-01 00:00:00,2018-03-01 00:00:00,10530.0,11070.0,10250.0,10319.0,3137482715
2018-03-02 00:00:00,2018-03-02 00:00:00,10319.0,11105.0,10230.0,10919.5,3081991666
2018-03-03 00:00:00,2018-03-03 00:00:00,10919.5,11198.0,10770.0,11030.0,2963568811
2018-03-04 00:00:00,2018-03-04 00:00:00,11030.0,11524.5,11022.0,11458.0,2803508861
2018-03-05 00:00:00,2018-03-05 00:00:00,11458.0,11538.0,11066.0,11490.5,2634323574
2018-03-06 00:00:00,2018-03-06 00:00:00,11490.5,11683.0,11330.5,11330.5,2409753832
2018-03-07 00:00:00,2018-03-07 00:00:00,11330.5,11391.5,10560.0,10730.0,3980630223
2018-03-08 00:00:00,2018-03-08 00:00:00,10730.0,10898.0,9330.5,9913.5,4822972246
2018-03-09 00:00:00,2018-03-09 00:00:00,9913.5,10121.5,9030.0,9304.5,4815317589
2018-03-10 00:00:00,2018-03-10 00:00:00,9304.5,9423.5,8340.0,9224.0,5723376753
2018-03-11 00:00:00,2018-03-11 00:00:00,9224.0,9500.0,8706.0,8789.5,3158061690
2018-03-12 00:00:00,2018-03-12 00:00:00,8789.5,9789.0,8400.0,9543.0,3947429500
2018-03-13 00:00:00,2018-03-13 00:00:00,9543.0,9900.0,8711.0,9093.0,3856719896
2018-03-14 00:00:00,2018-03-14 00:00:00,9093.0,9519.0,8805.5,9133.5,3565624937
2018-03-15 00:00:00,2018-03-15 00:00:00,9133.5,9400.0,7933.5,8190.5,3603357324
2018-03-16 00:00:00,2018-03-16 00:00:00,8190.5,8475.0,7652.5,8250.5,3815408242
2018-03-17 00:00:00,2018-03-17 00:00:00,8250.5,8643.0,7873.0,8250.5,2725855502
2018-03-18 00:00:00,2018-03-18 00:00:00,8250.5,8389.0,7730.5,7849.0,2600358139
2018-03-19 00:00:00,2018-03-19 00:00:00,7849.0,8370.0,7300.0,8189.0,3812114001
2018-03-20 00:00:00,2018-03-20 00:00:00,8189.0,8780.0,8126.0,8590.0,3174134064
2018-03-21 00:00:00,2018-03-21 00:00:00,8590.0,9064.0,8323.5,8897.0,3098742538
2018-03-22 00:00:00,2018-03-22 00:00:00,8897.0,9217.5,8750.0,8893.5,3037673596
2018-03-23 00:00:00,2018-03-23 00:00:00,8893.5,9095.0,8505.0,8700.0,3088085258
2018-03-24 00:00:00,2018-03-24 00:00:00,8700.0,8948.0,8255.0,8921.0,3053687082
2018-03-25 00:00:00,2018-03-25 00:00:00,8921.0,9032.5,8460.5,8512.0,2776441965
2018-03-26 00:00:00,2018-03-26 00:00:00,8512.0,8683.0,8360.0,8444.5,2698674833
2018-03-27 00:00:00,2018-03-27 00:00:00,8444.5,8493.5,7820.0,8150.0,3200837738
2018-03-28 00:00:00,2018-03-28 00:00:00,8150.0,8199.0,7716.0,7791.0,3196058935
2018-03-29 00:00:00,2018-03-29 00:00:00,7791.0,8097.0,7727.5,7935.0,2432935533
2018-03-30 00:00:00,2018-03-30 00:00:00,7935.0,7963.5,6850.0,7082.0,4153824059
2018-03-31 00:00:00,2018-03-31 00:00:00,7082.0,7227.0,6543.0,6820.0,4484265672
2018-04-01 00:00:00,2018-04-01 00:00:00,6820.0,7222.0,6788.0,6920.5,3064915621
2018-04-02 00:00:00,2018-04-02 00:00:00,6920.5,7053.0,6404.5,6817.0,3120463644
2018-04-03 00:00:00,2018-04-03 00:00:00,6817.0,7123.0,6766.0,7046.5,2396422744
2018-04-04 00:00:00,2018-04-04 00:00:00,7046.5,7518.0,7006.5,7408.5,2730070459
2018-04-05 00:00:00,2018-04-05 00:00:00,7408.5,7420.0,6686.5,6779.0,3371330612
2018-04-06 00:00:00,2018-04-06 00:00:00,6779.0,6935.0,6555.0,6769.5,3283289247
2018-04-07 00:00:00,2018-04-07 00:00:00,6769.5,6875.0,6479.5,6612.0,2256699483
2018-04-08 00:00:00,2018-04-08 00:00:00,6612.0,7058.5,6608.0,6900.5,1935569407
2018-04-09 00:00:00,2018-04-09 00:00:00,6900.5,7137.0,6885.0,7014.0,1602230571
2018-04-10 00:00:00,2018-04-10 00:00:00,7014.0,7177.5,6600.0,6763.0,2772773920
2018-04-11 00:00:00,2018-04-11 00:00:00,6763.0,6888.0,6620.0,6824.0,1765375582
2018-04-12 00:00:00,2018-04-12 00:00:00,6824.0,6959.0,6802.0,6933.5,1428141027
2018-04-13 00:00:00,2018-04-13 00:00:00,6933.5,8149.0,6688.0,7904.5,3364142710
2018-04-14 00:00:00,2018-04-14 00:00:00,7904.5,8227.0,7754.0,7887.5,3478152695
2018-04-15 00:00:00,2018-04-15 00:00:00,7887.5,8195.0,7835.0,8000.0,2357357570
2018-04-16 00:00:00,2018-04-16 00:00:00,8000.0,8428.5,8000.0,8346.5,2043519004
2018-04-17 00:00:00,2018-04-17 00:00:00,8346.5,8420.0,7910.0,8047.0,2834140820
2018-04-18 00:00:00,2018-04-18 00:00:00,8047.0,8179.0,7800.5,7889.5,2154592030
2018-04-19 00:00:00,2018-04-19 00:00:00,7889.5,8262.0,7857.0,8177.0,1900890471
2018-04-20 00:00:00,2018-04-20 00:00:00,8177.0,8300.0,8068.5,8266.0,1911752679
2018-04-21 00:00:00,2018-04-21 00:00:00,8266.0,8974.0,8215.0,8847.0,3018131037
2018-04-22 00:00:00,2018-04-22 00:00:00,8847.0,9050.5,8651.0,8923.5,3074828221
2018-04-23 00:00:00,2018-04-23 00:00:00,8923.5,9020.0,8739.0,8800.0,2644757064
2018-04-24 00:00:00,2018-04-24 00:00:00,8800.0,9005.0,8780.0,8943.0,2135080245
2018-04-25 00:00:00,2018-04-25 00:00:00,8943.0,9780.0,8939.5,9675.0,4135964861
2018-04-26 00:00:00,2018-04-26 00:00:00,9675.0,9765.5,8711.0,8846.5,5812260809
2018-04-27 00:00:00,2018-04-27 00:00:00,8846.5,9327.0,8611.0,9288.0,3628323166
2018-04-28 00:00:00,2018-04-28 00:00:00,9288.0,9384.5,8910.0,8928.0,2858560602
2018-04-29 00:00:00,2018-04-29 00:00:00,8928.0,9450.0,8852.0,9343.5,2857265463
2018-04-30 00:00:00,2018-04-30 00:00:00,9343.5,9540.0,9192.0,9400.5,2283372166
2018-05-01 00:00:00,2018-05-01 00:00:00,9400.5,9457.0,9123.0,9250.0,2370798272
2018-05-02 00:00:00,2018-05-02 00:00:00,9250.0,9253.5,8800.5,9066.0,2581286454
2018-05-03 00:00:00,2018-05-03 00:00:00,9066.0,9258.0,8974.5,9216.0,1979596355
2018-05-04 00:00:00,2018-05-04 00:00:00,9216.0,9852.0,9167.5,9741.5,3062952316
2018-05-05 00:00:00,2018-05-05 00:00:00,9741.5,9778.0,9351.0,9683.0,2686795243
2018-05-06 00:00:00,2018-05-06 00:00:00,9683.0,9970.0,9671.5,9828.5,2448922057
2018-05-07 00:00:00,2018-05-07 00:00:00,9828.5,9936.0,9416.0,9600.5,2905667236
2018-05-08 00:00:00,2018-05-08 00:00:00,9600.5,9618.0,9170.0,9359.5,3094401138
2018-05-09 00:00:00,2018-05-09 00:00:00,9359.5,9449.0,9002.0,9190.5,2521604621
2018-05-10 00:00:00,2018-05-10 00:00:00,9190.5,9345.0,8966.0,9305.5,2209067325
2018-05-11 00:00:00,2018-05-11 00:00:00,9305.5,9399.0,9001.0,9027.5,2312772193
2018-05-12 00:00:00,2018-05-12 00:00:00,9027.5,9027.5,8337.0,8413.0,4076886927
2018-05-13 00:00:00,2018-05-13 00:00:00,8413.0,8634.5,8225.0,8477.0,3743678488
2018-05-14 00:00:00,2018-05-14 00:00:00,8477.0,8758.0,8336.0,8693.5,2489733333
2018-05-15 00:00:00,2018-05-15 00:00:00,8693.5,8882.5,8282.5,8678.0,3328000880
2018-05-16 00:00:00,2018-05-16 00:00:00,8678.0,8849.0,8417.5,8476.5,2518801102
2018-05-17 00:00:00,2018-05-17 00:00:00,8476.5,8497.0,8080.0,8334.5,3019083310
2018-05-18 00:00:00,2018-05-18 00:00:00,8334.5,8481.0,7945.0,8058.5,2062998531
2018-05-19 00:00:00,2018-05-19 00:00:00,8058.5,8273.5,7920.0,8233.0,1913268873
2018-05-20 00:00:00,2018-05-20 00:00:00,8233.0,8400.0,8152.0,8230.0,1389157000
2018-05-21 00:00:00,2018-05-21 00:00:00,8230.0,8610.0,8174.5,8521.5,1688325934
2018-05-22 00:00:00,2018-05-22 00:00:00,8521.5,8594.5,8320.0,8397.0,1822218966
2018-05-23 00:00:00,2018-05-23 00:00:00,8397.0,8407.0,7950.0,7989.0,2605511682
2018-05-24 00:00:00,2018-05-24 00:00:00,7989.0,8028.5,7430.5,7506.0,4239365202
2018-05-25 00:00:00,2018-05-25 00:00:00,7506.0,7740.0,7256.0,7568.0,3643462743
2018-05-26 00:00:00,2018-05-26 00:00:00,7568.0,7664.0,7320.0,7464.5,2525291252
2018-05-27 00:00:00,2018-05-27 00:00:00,7464.5,7648.0,7261.5,7323.0,1583298168
2018-05-28 00:00:00,2018-05-28 00:00:00,7323.0,7400.0,7189.0,7336.5,1587861768
2018-05-29 00:00:00,2018-05-29 00:00:00,7336.5,7450.0,7080.5,7111.0,2096061721
2018-05-30 00:00:00,2018-05-30 00:00:00,7111.0,7569.0,7060.0,7469.0,2522014329
2018-05-31 00:00:00,2018-05-31 00:00:00,7469.0,7559.0,7272.0,7372.0,2266843464
2018-06-01 00:00:00,2018-06-01 00:00:00,7372.0,7625.0,7330.0,7485.5,2095602599
2018-06-02 00:00:00,2018-06-02 00:00:00,7485.5,7618.0,7333.0,7513.0,2065583965
2018-06-03 00:00:00,2018-06-03 00:00:00,7513.0,7727.0,7444.0,7631.0,1629728766
2018-06-04 00:00:00,2018-06-04 00:00:00,7631.0,7798.0,7575.0,7709.0,1458487437
2018-06-05 00:00:00,2018-06-05 00:00:00,7709.0,7760.0,7451.5,7492.0,2107702433
2018-06-06 00:00:00,2018-06-06 00:00:00,7492.0,7670.0,7344.0,7622.5,2413959593
2018-06-07 00:00:00,2018-06-07 00:00:00,7622.5,7700.0,7478.0,7657.0,2123556560
2018-06-08 00:00:00,2018-06-08 00:00:00,7657.0,7755.0,7630.0,7689.0,1649493436
2018-06-09 00:00:00,2018-06-09 00:00:00,7689.0,7696.5,7540.0,7625.0,1535801096
2018-06-10 00:00:00,2018-06-10 00:00:00,7625.0,7700.0,7436.0,7492.0,1314148739
2018-06-11 00:00:00,2018-06-11 00:00:00,7492.0,7492.5,6610.0,6767.0,4350581769
2018-06-12 00:00:00,2018-06-12 00:00:00,6767.0,6937.5,6620.0,6870.5,2583772362
2018-06-13 00:00:00,2018-06-13 00:00:00,6870.5,6871.0,6433.0,6553.5,2509548091
2018-06-14 00:00:00,2018-06-14 00:00:00,6553.5,6633.0,6097.0,6296.5,3466847461
2018-06-15 00:00:00,2018-06-15 00:00:00,6296.5,6718.0,6268.0,6631.0,3294127294
2018-06-16 00:00:00,2018-06-16 00:00:00,6631.0,6680.0,6355.0,6395.0,2138404894
2018-06-17 00:00:00,2018-06-17 00:00:00,6395.0,6600.5,6312.0,6488.5,1623676078
2018-06-18 00:00:00,2018-06-18 00:00:00,6488.5,6580.5,6425.0,6443.0,1130284891
2018-06-19 00:00:00,2018-06-19 00:00:00,6443.0,6800.0,6374.5,6706.5,1824293086
2018-06-20 00:00:00,2018-06-20 00:00:00,6706.5,6838.0,6651.0,6731.5,1571751049
2018-06-21 00:00:00,2018-06-21 00:00:00,6731.5,6823.0,6552.5,6750.0,2096211966
2018-06-22 00:00:00,2018-06-22 00:00:00,6750.0,6789.0,6671.0,6710.5,1379875457
2018-06-23 00:00:00,2018-06-23 00:00:00,6710.5,6728.0,5900.5,6048.5,4251305189
2018-06-24 00:00:00,2018-06-24 00:00:00,6048.5,6270.5,6033.5,6165.0,1880458657
2018-06-25 00:00:00,2018-06-25 00:00:00,6165.0,6347.0,5743.0,6150.0,3401207273
2018-06-26 00:00:00,2018-06-26 00:00:00,6150.0,6350.0,6061.0,6251.5,2113153648
2018-06-27 00:00:00,2018-06-27 00:00:00,6251.5,6280.5,6044.0,6074.0,1816573704
2018-06-28 00:00:00,2018-06-28 00:00:00,6074.0,6178.0,5980.0,6129.0,1725329775
2018-06-29 00:00:00,2018-06-29 00:00:00,6129.0,6154.5,5820.0,5844.5,1878641954
2018-06-30 00:00:00,2018-06-30 00:00:00,5844.5,6333.0,5778.0,6205.5,2322980304
2018-07-01 00:00:00,2018-07-01 00:00:00,6205.5,6570.0,6190.0,6383.5,1828580066
2018-07-02 00:00:00,2018-07-02 00:00:00,6383.5,6432.0,6255.0,6346.0,1334552363
2018-07-03 00:00:00,2018-07-03 00:00:00,6346.0,6675.0,6268.0,6610.0,1908182354
2018-07-04 00:00:00,2018-07-04 00:00:00,6610.0,6670.0,6463.5,6505.5,1803542193
2018-07-05 00:00:00,2018-07-05 00:00:00,6505.5,6820.0,6412.0,6582.0,2310207797
2018-07-06 00:00:00,2018-07-06 00:00:00,6582.0,6730.0,6429.0,6526.5,2647394794
2018-07-07 00:00:00,2018-07-07 00:00:00,6526.5,6650.0,6453.0,6599.5,1742814039
2018-07-08 00:00:00,2018-07-08 00:00:00,6599.5,6868.0,6503.0,6756.5,1559327485
2018-07-09 00:00:00,2018-07-09 00:00:00,6756.5,6774.5,6670.0,6701.0,1137205977
2018-07-10 00:00:00,2018-07-10 00:00:00,6701.0,6841.0,6626.0,6668.0,1664819307
2018-07-11 00:00:00,2018-07-11 00:00:00,6668.0,6678.0,6260.0,6304.0,2705577791
2018-07-12 00:00:00,2018-07-12 00:00:00,6304.0,6399.5,6277.0,6371.0,1767112110
2018-07-13 00:00:00,2018-07-13 00:00:00,6371.0,6371.0,6065.0,6246.5,2380315491
2018-07-14 00:00:00,2018-07-14 00:00:00,6246.5,6350.0,6111.0,6213.0,1778981873
2018-07-15 00:00:00,2018-07-15 00:00:00,6213.0,6320.0,6181.5,6245.5,1342839848
2018-07-16 00:00:00,2018-07-16 00:00:00,6245.5,6392.0,6231.0,6347.5,1314694866
2018-07-17 00:00:00,2018-07-17 00:00:00,6347.5,6738.0,6338.0,6719.5,2959875907
2018-07-18 00:00:00,2018-07-18 00:00:00,6719.5,7470.0,6659.5,7318.5,4090279858
2018-07-19 00:00:00,2018-07-19 00:00:00,7318.5,7600.0,7230.0,7384.0,4930792781
2018-07-20 00:00:00,2018-07-20 00:00:00,7384.0,7584.0,7284.0,7466.5,3254160878
2018-07-21 00:00:00,2018-07-21 00:00:00,7466.5,7715.0,7270.5,7333.0,4059000217
2018-07-22 00:00:00,2018-07-22 00:00:00,7333.0,7450.0,7209.5,7401.0,2078516076
2018-07-23 00:00:00,2018-07-23 00:00:00,7401.0,7590.0,7321.0,7391.5,2954588627
2018-07-24 00:00:00,2018-07-24 00:00:00,7391.5,7799.0,7376.0,7720.0,4401153931
2018-07-25 00:00:00,2018-07-25 00:00:00,7720.0,8478.0,7694.5,8391.0,7560074951
2018-07-26 00:00:00,2018-07-26 00:00:00,8391.0,8487.0,8056.0,8177.0,5858003803
2018-07-27 00:00:00,2018-07-27 00:00:00,8177.0,8319.5,7850.0,7922.0,4797481739
2018-07-28 00:00:00,2018-07-28 00:00:00,7922.0,8280.0,7791.0,8190.0,4714351308
2018-07-29 00:00:00,2018-07-29 00:00:00,8190.0,8249.5,8075.0,8229.5,2339162545
2018-07-30 00:00:00,2018-07-30 00:00:00,8229.5,8302.5,8122.0,8219.0,2694502222
2018-07-31 00:00:00,2018-07-31 00:00:00,8219.0,8281.5,7842.0,8174.5,5063640019
2018-08-01 00:00:00,2018-08-01 00:00:00,8174.5,8174.5,7625.0,7727.0,5811273710
2018-08-02 00:00:00,2018-08-02 00:00:00,7727.0,7757.5,7430.0,7604.5,4456770573
2018-08-03 00:00:00,2018-08-03 00:00:00,7604.5,7717.5,7455.5,7539.5,3227088342
2018-08-04 00:00:00,2018-08-04 00:00:00,7539.5,7540.0,7292.5,7411.0,4146372123
2018-08-05 00:00:00,2018-08-05 00:00:00,7411.0,7487.0,6881.0,7005.5,3524525987
2018-08-06 00:00:00,2018-08-06 00:00:00,7005.5,7094.0,6870.5,7019.5,2878841101
2018-08-07 00:00:00,2018-08-07 00:00:00,7019.5,7180.0,6835.0,6931.5,3539203955
2018-08-08 00:00:00,2018-08-08 00:00:00,6931.5,7144.0,6646.0,6711.5,4550047067
2018-08-09 00:00:00,2018-08-09 00:00:00,6711.5,6712.0,6100.0,6274.0,5593069624
2018-08-10 00:00:00,2018-08-10 00:00:00,6274.0,6640.0,6182.0,6536.0,3889886150
2018-08-11 00:00:00,2018-08-11 00:00:00,6536.0,6578.5,5971.0,6138.0,4436831128
2018-08-12 00:00:00,2018-08-12 00:00:00,6138.0,6503.0,5970.0,6241.0,3038561351
2018-08-13 00:00:00,2018-08-13 00:00:00,6241.0,6499.0,6166.0,6308.5,2604144385
2018-08-14 00:00:00,2018-08-14 00:00:00,6308.5,6550.0,6134.0,6245.5,3003407756
2018-08-15 00:00:00,2018-08-15 00:00:00,6245.5,6250.0,5860.0,6193.5,4419829799
2018-08-16 00:00:00,2018-08-16 00:00:00,6193.5,6641.0,6182.0,6266.5,5404958496
2018-08-17 00:00:00,2018-08-17 00:00:00,6266.5,6483.0,6206.0,6305.5,3766769335
2018-08-18 00:00:00,2018-08-18 00:00:00,6305.5,6589.0,6285.0,6578.5,3534214700
2018-08-19 00:00:00,2018-08-19 00:00:00,6578.5,6617.0,6280.0,6394.0,2440423115
2018-08-20 00:00:00,2018-08-20 00:00:00,6394.0,6562.0,6305.5,6487.0,2283077876
2018-08-21 00:00:00,2018-08-21 00:00:00,6487.0,6523.0,6210.0,6253.5,2948442122
2018-08-22 00:00:00,2018-08-22 00:00:00,6253.5,6503.0,6231.5,6467.0,2929312061
2018-08-23 00:00:00,2018-08-23 00:00:00,6467.0,7148.0,6231.5,6352.0,4117998981
2018-08-24 00:00:00,2018-08-24 00:00:00,6352.0,6578.0,6339.0,6521.0,2262714475
2018-08-25 00:00:00,2018-08-25 00:00:00,6521.0,6736.0,6435.0,6685.5,2556547595
2018-08-26 00:00:00,2018-08-26 00:00:00,6685.5,6797.5,6665.5,6727.5,2157660895
2018-08-27 00:00:00,2018-08-27 00:00:00,6727.5,6779.5,6570.5,6701.5,2457480015
2018-08-28 00:00:00,2018-08-28 00:00:00,6701.5,6973.0,6645.5,6906.0,2481684071
2018-08-29 00:00:00,2018-08-29 00:00:00,6906.0,7133.0,6862.0,7076.5,3353816462
2018-08-30 00:00:00,2018-08-30 00:00:00,7076.5,7120.0,6870.0,7032.5,2782958037
2018-08-31 00:00:00,2018-08-31 00:00:00,7032.5,7055.5,6782.5,6977.0,3729305115
2018-09-01 00:00:00,2018-09-01 00:00:00,6977.0,7087.0,6880.0,7017.0,2937116125
2018-09-02 00:00:00,2018-09-02 00:00:00,7017.0,7298.0,7016.0,7196.5,2539940934
2018-09-03 00:00:00,2018-09-03 00:00:00,7196.5,7350.0,7138.0,7295.0,3429838907
2018-09-04 00:00:00,2018-09-04 00:00:00,7295.0,7349.5,7180.0,7259.5,2589505781
2018-09-05 00:00:00,2018-09-05 00:00:00,7259.5,7440.0,7235.5,7355.0,2638019686
2018-09-06 00:00:00,2018-09-06 00:00:00,7355.0,7387.0,6633.5,6689.0,4657038172
2018-09-07 00:00:00,2018-09-07 00:00:00,6689.0,6709.0,6181.0,6487.0,4459083786
2018-09-08 00:00:00,2018-09-08 00:00:00,6487.0,6523.0,6323.5,6398.0,2831018719
2018-09-09 00:00:00,2018-09-09 00:00:00,6398.0,6468.0,6100.0,6180.5,2169153899
2018-09-10 00:00:00,2018-09-10 00:00:00,6180.5,6483.5,6140.0,6240.0,1849595765
2018-09-11 00:00:00,2018-09-11 00:00:00,6240.0,6385.0,6223.0,6300.0,1952781855
2018-09-12 00:00:00,2018-09-12 00:00:00,6300.0,6434.5,6140.0,6278.5,2208501033
2018-09-13 00:00:00,2018-09-13 00:00:00,6278.5,6345.5,6181.0,6322.0,1947768858
2018-09-14 00:00:00,2018-09-14 00:00:00,6322.0,6530.0,6321.5,6487.5,2595041422
2018-09-15 00:00:00,2018-09-15 00:00:00,6487.5,6585.0,6350.0,6478.0,2451976268
2018-09-16 00:00:00,2018-09-16 00:00:00,6478.0,6568.0,6463.5,6515.5,1215015008
2018-09-17 00:00:00,2018-09-17 00:00:00,6515.5,6516.5,6330.5,6493.0,1285741467
2018-09-18 00:00:00,2018-09-18 00:00:00,6493.0,6528.5,6201.0,6247.0,2605439205
2018-09-19 00:00:00,2018-09-19 00:00:00,6247.0,6380.5,6226.5,6328.5,1771973276
2018-09-20 00:00:00,2018-09-20 00:00:00,6328.5,6580.0,6066.0,6384.5,2821848926
2018-09-21 00:00:00,2018-09-21 00:00:00,6384.5,6520.0,6336.5,6482.0,1616025470
2018-09-22 00:00:00,2018-09-22 00:00:00,6482.0,6778.0,6481.5,6746.5,2536239642
2018-09-23 00:00:00,2018-09-23 00:00:00,6746.5,6830.0,6626.0,6709.0,1610847589
2018-09-24 00:00:00,2018-09-24 00:00:00,6709.0,6779.0,6653.0,6703.0,1017080580
2018-09-25 00:00:00,2018-09-25 00:00:00,6703.0,6720.0,6555.0,6578.5,1650008148
2018-09-26 00:00:00,2018-09-26 00:00:00,6578.5,6578.5,6311.5,6429.0,2725467770
2018-09-27 00:00:00,2018-09-27 00:00:00,6429.0,6540.0,6377.0,6452.5,1803487065
2018-09-28 00:00:00,2018-09-28 00:00:00,6452.5,6759.0,6435.0,6685.5,1928470339
2018-09-29 00:00:00,2018-09-29 00:00:00,6685.5,6789.0,6521.0,6620.0,2927994334
2018-09-30 00:00:00,2018-09-30 00:00:00,6620.0,6620.5,6438.0,6581.5,1716887274
2018-10-01 00:00:00,2018-10-01 00:00:00,6581.5,6642.5,6515.0,6598.5,1193407992
2018-10-02 00:00:00,2018-10-02 00:00:00,6598.5,6636.0,6466.0,6571.0,1637337327
2018-10-03 00:00:00,2018-10-03 00:00:00,6571.0,6590.0,6444.5,6502.5,1402030836
2018-10-04 00:00:00,2018-10-04 00:00:00,6502.5,6509.5,6394.0,6465.0,1540804688
2018-10-05 00:00:00,2018-10-05 00:00:00,6465.0,6620.0,6459.0,6553.0,1667871595
2018-10-06 00:00:00,2018-10-06 00:00:00,6553.0,6658.5,6522.0,6582.0,1156201039
2018-10-07 00:00:00,2018-10-07 00:00:00,6582.0,6592.5,6531.5,6552.0,578198553
2018-10-08 00:00:00,2018-10-08 00:00:00,6552.0,6599.0,6488.0,6571.0,683158128
2018-10-09 00:00:00,2018-10-09 00:00:00,6571.0,6669.0,6550.5,6607.5,1256335274
2018-10-10 00:00:00,2018-10-10 00:00:00,6607.5,6614.5,6563.0,6591.0,772207701
2018-10-11 00:00:00,2018-10-11 00:00:00,6591.0,6591.5,6452.0,6530.0,1500208025
2018-10-12 00:00:00,2018-10-12 00:00:00,6530.0,6530.5,6005.0,6154.5,3393156568
2018-10-13 00:00:00,2018-10-13 00:00:00,6154.5,6233.5,6100.0,6182.5,1140618977
2018-10-14 00:00:00,2018-10-14 00:00:00,6182.5,6212.5,6166.0,6193.5,565325381
2018-10-15 00:00:00,2018-10-15 00:00:00,6193.5,6300.0,6142.0,6181.5,1003003304
2018-10-16 00:00:00,2018-10-16 00:00:00,6181.5,6818.0,6147.0,6436.5,3808169212
2018-10-17 00:00:00,2018-10-17 00:00:00,6436.5,6497.5,6383.0,6456.0,1347675108
2018-10-18 00:00:00,2018-10-18 00:00:00,6456.0,6458.0,6409.0,6438.5,710975400
2018-10-19 00:00:00,2018-10-19 00:00:00,6438.5,6488.0,6350.0,6394.5,1113414516
2018-10-20 00:00:00,2018-10-20 00:00:00,6394.5,6405.0,6366.0,6384.0,620702624
2018-10-21 00:00:00,2018-10-21 00:00:00,6384.0,6425.0,6367.0,6407.5,468491105
2018-10-22 00:00:00,2018-10-22 00:00:00,6407.5,6465.0,6405.5,6413.0,604132354
2018-10-23 00:00:00,2018-10-23 00:00:00,6413.0,6426.0,6369.0,6412.5,687226047
2018-10-24 00:00:00,2018-10-24 00:00:00,6412.5,6415.5,6360.0,6395.0,651666576
2018-10-25 00:00:00,2018-10-25 00:00:00,6395.0,6490.0,6394.5,6412.5,835272558
2018-10-26 00:00:00,2018-10-26 00:00:00,6412.5,6419.0,6368.0,6393.5,755916346
2018-10-27 00:00:00,2018-10-27 00:00:00,6393.5,6468.0,6386.5,6406.5,773455031
2018-10-28 00:00:00,2018-10-28 00:00:00,6406.5,6419.0,6395.5,6407.0,320256569
2018-10-29 00:00:00,2018-10-29 00:00:00,6407.0,6449.0,6382.5,6408.0,382180051
2018-10-30 00:00:00,2018-10-30 00:00:00,6408.0,6415.5,6209.0,6266.5,1481206621
2018-10-31 00:00:00,2018-10-31 00:00:00,6266.5,6294.0,6255.0,6272.0,621247379
2018-11-01 00:00:00,2018-11-01 00:00:00,6272.0,6345.0,6210.0,6307.0,1038552067
2018-11-02 00:00:00,2018-11-02 00:00:00,6307.0,6370.0,6302.0,6337.0,527664071
2018-11-03 00:00:00,2018-11-03 00:00:00,6337.0,6387.0,6328.0,6346.0,779817385
2018-11-04 00:00:00,2018-11-04 00:00:00,6346.0,6348.5,6316.5,6332.5,418518243
2018-11-05 00:00:00,2018-11-05 00:00:00,6332.5,6471.0,6322.5,6427.5,1079190784
2018-11-06 00:00:00,2018-11-06 00:00:00,6427.5,6445.5,6380.0,6404.0,680611418
2018-11-07 00:00:00,2018-11-07 00:00:00,6404.0,6460.0,6387.0,6450.5,1009689725
2018-11-08 00:00:00,2018-11-08 00:00:00,6450.5,6568.0,6434.5,6510.5,1199489873
2018-11-09 00:00:00,2018-11-09 00:00:00,6510.5,6524.0,6372.5,6414.0,1340385486
2018-11-10 00:00:00,2018-11-10 00:00:00,6414.0,6420.5,6310.0,6338.5,1238135158
2018-11-11 00:00:00,2018-11-11 00:00:00,6338.5,6379.0,6334.5,6353.5,463914785
2018-11-12 00:00:00,2018-11-12 00:00:00,6353.5,6380.0,6260.0,6361.0,769461393
2018-11-13 00:00:00,2018-11-13 00:00:00,6361.0,6406.0,6305.5,6337.5,976781774
2018-11-14 00:00:00,2018-11-14 00:00:00,6337.5,6338.0,6235.0,6249.0,1366233784
2018-11-15 00:00:00,2018-11-15 00:00:00,6249.0,6296.0,5231.0,5586.0,5165120528
2018-11-16 00:00:00,2018-11-16 00:00:00,5586.0,5639.5,5181.0,5581.0,3649588056
2018-11-17 00:00:00,2018-11-17 00:00:00,5581.0,5619.0,5406.0,5511.0,1716661902
2018-11-18 00:00:00,2018-11-18 00:00:00,5511.0,5557.0,5450.5,5501.5,854000974
2018-11-19 00:00:00,2018-11-19 00:00:00,5501.5,5690.0,5501.5,5556.0,935728658
2018-11-20 00:00:00,2018-11-20 00:00:00,5556.0,5557.0,4665.0,4743.0,5232596594
2018-11-21 00:00:00,2018-11-21 00:00:00,4743.0,4897.0,4010.0,4348.5,6489034529
2018-11-22 00:00:00,2018-11-22 00:00:00,4348.5,4654.0,4229.0,4537.0,3428477052
2018-11-23 00:00:00,2018-11-23 00:00:00,4537.0,4598.0,4235.5,4266.5,1921804140
2018-11-24 00:00:00,2018-11-24 00:00:00,4266.5,4382.0,4068.0,4283.0,2602831127
2018-11-25 00:00:00,2018-11-25 00:00:00,4283.0,4378.0,3627.0,3768.5,2444429081
2018-11-26 00:00:00,2018-11-26 00:00:00,3768.5,4120.0,3430.0,3930.5,3937118449
2018-11-27 00:00:00,2018-11-27 00:00:00,3930.5,4080.0,3492.0,3724.5,3724730922
2018-11-28 00:00:00,2018-11-28 00:00:00,3724.5,3837.0,3563.5,3769.0,2530263160
2018-11-29 00:00:00,2018-11-29 00:00:00,3769.0,4357.0,3768.5,4219.0,3147203385
2018-11-30 00:00:00,2018-11-30 00:00:00,4219.0,4423.0,4085.0,4242.0,2592414278
